{"cameraMode":{"drawMode":0,"name":"Shaded","section":"Shading Mode"},"sceneLighting":false,"audioPlay":false,"sceneViewState":{"showFog":true,"showMaterialUpdate":false,"showSkybox":false,"showFlares":true,"showImageEffects":true,"showParticleSystems":true,"showVisualEffectGraphs":true,"m_FxEnabled":true},"in2DMode":false,"pivot":{"x":-2.914557933807373,"y":3.3918542861938478,"z":-6.1356706619262699},"rotation":{"x":-0.037341631948947909,"y":-0.15936455130577088,"z":0.005884104408323765,"w":-0.9865700602531433},"size":0.28935402631759646,"orthographic":false}