{"cameraMode":{"drawMode":0,"name":"Shaded","section":"Shading Mode"},"sceneLighting":false,"audioPlay":false,"sceneViewState":{"showFog":true,"showMaterialUpdate":false,"showSkybox":false,"showFlares":true,"showImageEffects":true,"showParticleSystems":true,"showVisualEffectGraphs":true,"m_FxEnabled":true},"in2DMode":false,"pivot":{"x":1.0932738780975342,"y":0.25622883439064028,"z":-1.2256513833999634},"rotation":{"x":-0.047715771943330768,"y":0.7072568535804749,"z":-0.04811251163482666,"w":-0.7038026452064514},"size":0.9681075811386108,"orthographic":false}