{"cameraMode":{"drawMode":0,"name":"Shaded","section":"Shading Mode"},"sceneLighting":false,"audioPlay":false,"sceneViewState":{"showFog":true,"showMaterialUpdate":false,"showSkybox":false,"showFlares":true,"showImageEffects":true,"showParticleSystems":true,"showVisualEffectGraphs":true,"m_FxEnabled":true},"in2DMode":false,"pivot":{"x":3.6140570640563967,"y":14.225360870361329,"z":-4.054831027984619},"rotation":{"x":0.33137837052345278,"y":-0.015570471994578839,"z":0.005472533870488405,"w":0.9433588981628418},"size":1.2376035451889039,"orthographic":false}