{"cameraMode":{"drawMode":0,"name":"Shaded","section":"Shading Mode"},"sceneLighting":false,"audioPlay":false,"sceneViewState":{"showFog":true,"showMaterialUpdate":false,"showSkybox":false,"showFlares":true,"showImageEffects":true,"showParticleSystems":true,"showVisualEffectGraphs":true,"m_FxEnabled":true},"in2DMode":false,"pivot":{"x":-2.610704183578491,"y":13.579854965209961,"z":-6.590207576751709},"rotation":{"x":-0.0003576305171009153,"y":0.9949436783790588,"z":-0.10365448147058487,"w":0.0008386676199734211},"size":0.9549635052680969,"orthographic":false}