{"cameraMode":{"drawMode":0,"name":"Shaded","section":"Shading Mode"},"sceneLighting":false,"audioPlay":false,"sceneViewState":{"showFog":true,"showMaterialUpdate":false,"showSkybox":false,"showFlares":true,"showImageEffects":true,"showParticleSystems":true,"showVisualEffectGraphs":true,"m_FxEnabled":true},"in2DMode":false,"pivot":{"x":4.642000675201416,"y":13.920788764953614,"z":6.415999889373779},"rotation":{"x":-0.047715771943330768,"y":0.7072568535804749,"z":-0.04811251163482666,"w":-0.7038026452064514},"size":0.41345247626304629,"orthographic":false}