{"cameraMode":{"drawMode":0,"name":"Shaded","section":"Shading Mode"},"sceneLighting":false,"audioPlay":false,"sceneViewState":{"showFog":true,"showMaterialUpdate":false,"showSkybox":false,"showFlares":true,"showImageEffects":true,"showParticleSystems":true,"showVisualEffectGraphs":true,"m_FxEnabled":true},"in2DMode":false,"pivot":{"x":-5.8552165031433109,"y":14.038392066955567,"z":2.276465892791748},"rotation":{"x":0.042978521436452869,"y":-0.9269221425056458,"z":0.11206205189228058,"w":0.3555717468261719},"size":1.8225584030151368,"orthographic":false}