{"cameraMode":{"drawMode":0,"name":"Shaded","section":"Shading Mode"},"sceneLighting":false,"audioPlay":false,"sceneViewState":{"showFog":true,"showMaterialUpdate":false,"showSkybox":false,"showFlares":true,"showImageEffects":true,"showParticleSystems":true,"showVisualEffectGraphs":true,"m_FxEnabled":true},"in2DMode":false,"pivot":{"x":-1.9832566976547242,"y":1.9079279899597169,"z":6.5979533195495609},"rotation":{"x":-0.11254104971885681,"y":0.0241848211735487,"z":-0.002860971726477146,"w":-0.9934204816818237},"size":0.6746061444282532,"orthographic":false}