{"cameraMode":{"drawMode":0,"name":"Shaded","section":"Shading Mode"},"sceneLighting":false,"audioPlay":false,"sceneViewState":{"showFog":true,"showMaterialUpdate":false,"showSkybox":false,"showFlares":true,"showImageEffects":true,"showParticleSystems":true,"showVisualEffectGraphs":true,"m_FxEnabled":true},"in2DMode":false,"pivot":{"x":2.869001865386963,"y":-7.73147439956665,"z":-1.4479984045028687},"rotation":{"x":0.0064382292330265049,"y":-0.9917667508125305,"z":0.05540863424539566,"w":0.11535494774580002},"size":1.4826611280441285,"orthographic":false}