{"cameraMode":{"drawMode":0,"name":"Shaded","section":"Shading Mode"},"sceneLighting":false,"audioPlay":false,"sceneViewState":{"showFog":true,"showMaterialUpdate":false,"showSkybox":false,"showFlares":true,"showImageEffects":true,"showParticleSystems":true,"showVisualEffectGraphs":true,"m_FxEnabled":true},"in2DMode":false,"pivot":{"x":-4.778944969177246,"y":12.932336807250977,"z":-6.382608413696289},"rotation":{"x":0.005674694664776325,"y":-0.9915145039558411,"z":0.12137744575738907,"w":0.04643019288778305},"size":0.23745930194854737,"orthographic":false}