{"cameraMode":{"drawMode":0,"name":"Shaded","section":"Shading Mode"},"sceneLighting":false,"audioPlay":false,"sceneViewState":{"showFog":true,"showMaterialUpdate":false,"showSkybox":false,"showFlares":true,"showImageEffects":true,"showParticleSystems":true,"showVisualEffectGraphs":true,"m_FxEnabled":true},"in2DMode":false,"pivot":{"x":-3.0872461795806886,"y":2.101522207260132,"z":-2.7330427169799806},"rotation":{"x":0.021395370364189149,"y":-0.9774559140205383,"z":0.12263499200344086,"w":0.17059901356697083},"size":0.20066452026367188,"orthographic":false}