{"cameraMode":{"drawMode":0,"name":"Shaded","section":"Shading Mode"},"sceneLighting":false,"audioPlay":false,"sceneViewState":{"showFog":true,"showMaterialUpdate":false,"showSkybox":false,"showFlares":true,"showImageEffects":true,"showParticleSystems":true,"showVisualEffectGraphs":true,"m_FxEnabled":true},"in2DMode":false,"pivot":{"x":1.2969545125961304,"y":2.284998893737793,"z":2.359661340713501},"rotation":{"x":-0.013176973909139634,"y":0.9863936305046082,"z":-0.13276873528957368,"w":-0.09703224897384644},"size":0.3438792824745178,"orthographic":false}