{"cameraMode":{"drawMode":0,"name":"Shaded","section":"Shading Mode"},"sceneLighting":false,"audioPlay":false,"sceneViewState":{"showFog":true,"showMaterialUpdate":false,"showSkybox":false,"showFlares":true,"showImageEffects":true,"showParticleSystems":true,"showVisualEffectGraphs":true,"m_FxEnabled":true},"in2DMode":false,"pivot":{"x":-3.902008533477783,"y":12.881677627563477,"z":-6.671224594116211},"rotation":{"x":0.0064382292330265049,"y":-0.9917667508125305,"z":0.05540863424539566,"w":0.11535494774580002},"size":0.2675035297870636,"orthographic":false}