{"cameraMode":{"drawMode":0,"name":"Shaded","section":"Shading Mode"},"sceneLighting":false,"audioPlay":false,"sceneViewState":{"showFog":true,"showMaterialUpdate":false,"showSkybox":false,"showFlares":true,"showImageEffects":true,"showParticleSystems":true,"showVisualEffectGraphs":true,"m_FxEnabled":true},"in2DMode":false,"pivot":{"x":-3.2220354080200197,"y":1.5149283409118653,"z":-2.6381380558013918},"rotation":{"x":-0.037341631948947909,"y":-0.15936455130577088,"z":0.005884104408323765,"w":-0.9865700602531433},"size":0.7425196170806885,"orthographic":false}