{"cameraMode":{"drawMode":0,"name":"Shaded","section":"Shading Mode"},"sceneLighting":false,"audioPlay":false,"sceneViewState":{"showFog":true,"showMaterialUpdate":false,"showSkybox":false,"showFlares":true,"showImageEffects":true,"showParticleSystems":true,"showVisualEffectGraphs":true,"m_FxEnabled":true},"in2DMode":false,"pivot":{"x":5.225765705108643,"y":1.6933356523513795,"z":3.586775541305542},"rotation":{"x":-0.10934396088123322,"y":0.06645900756120682,"z":-0.007339181378483772,"w":-0.9917619228363037},"size":0.8747222423553467,"orthographic":false}