{"cameraMode":{"drawMode":0,"name":"Shaded","section":"Shading Mode"},"sceneLighting":false,"audioPlay":false,"sceneViewState":{"showFog":true,"showMaterialUpdate":false,"showSkybox":false,"showFlares":true,"showImageEffects":true,"showParticleSystems":true,"showVisualEffectGraphs":true,"m_FxEnabled":true},"in2DMode":false,"pivot":{"x":6.442964553833008,"y":15.441349029541016,"z":3.4059321880340578},"rotation":{"x":0.0011113056680187584,"y":-0.9986893534660339,"z":-0.04466220736503601,"w":-0.025181736797094346},"size":4.130975246429443,"orthographic":false}