{"cameraMode":{"drawMode":0,"name":"Shaded","section":"Shading Mode"},"sceneLighting":false,"audioPlay":false,"sceneViewState":{"showFog":true,"showMaterialUpdate":false,"showSkybox":false,"showFlares":true,"showImageEffects":true,"showParticleSystems":true,"showVisualEffectGraphs":true,"m_FxEnabled":true},"in2DMode":false,"pivot":{"x":7.6970438957214359,"y":11.887800216674805,"z":-3.9841957092285158},"rotation":{"x":0.33137837052345278,"y":-0.015570471994578839,"z":0.005472533870488405,"w":0.9433588981628418},"size":1.5920976400375367,"orthographic":false}