{"cameraMode":{"drawMode":0,"name":"Shaded","section":"Shading Mode"},"sceneLighting":false,"audioPlay":false,"sceneViewState":{"showFog":true,"showMaterialUpdate":false,"showSkybox":false,"showFlares":true,"showImageEffects":true,"showParticleSystems":true,"showVisualEffectGraphs":true,"m_FxEnabled":true},"in2DMode":false,"pivot":{"x":8.760000228881836,"y":13.295934677124024,"z":1.8148314952850342},"rotation":{"x":-0.045546285808086398,"y":0.45904356241226199,"z":-0.023579785600304605,"w":-0.88693767786026},"size":0.5964171886444092,"orthographic":false}