{"cameraMode":{"drawMode":0,"name":"Shaded","section":"Shading Mode"},"sceneLighting":false,"audioPlay":false,"sceneViewState":{"showFog":true,"showMaterialUpdate":false,"showSkybox":false,"showFlares":true,"showImageEffects":true,"showParticleSystems":true,"showVisualEffectGraphs":true,"m_FxEnabled":true},"in2DMode":false,"pivot":{"x":6.4200005531311039,"y":12.776141166687012,"z":-3.630000114440918},"rotation":{"x":0.036869294941425326,"y":0.9626849293708801,"z":-0.1739957332611084,"w":0.20398233830928803},"size":1.7454993724822999,"orthographic":false}