{"cameraMode":{"drawMode":0,"name":"Shaded","section":"Shading Mode"},"sceneLighting":true,"audioPlay":false,"sceneViewState":{"showFog":true,"showMaterialUpdate":false,"showSkybox":false,"showFlares":true,"showImageEffects":true,"showParticleSystems":true,"showVisualEffectGraphs":true,"m_FxEnabled":true},"in2DMode":false,"pivot":{"x":0.8005900382995606,"y":8.461395263671875,"z":0.08932065963745117},"rotation":{"x":0.005996173247694969,"y":0.9709204435348511,"z":0.024465220049023629,"w":-0.2381855696439743},"size":18.644695281982423,"orthographic":false}