{"cameraMode":{"drawMode":0,"name":"Shaded","section":"Shading Mode"},"sceneLighting":false,"audioPlay":false,"sceneViewState":{"showFog":true,"showMaterialUpdate":false,"showSkybox":false,"showFlares":true,"showImageEffects":true,"showParticleSystems":true,"showVisualEffectGraphs":true,"m_FxEnabled":true},"in2DMode":false,"pivot":{"x":-0.2801322340965271,"y":0.022566162049770356,"z":-1.0124366283416749},"rotation":{"x":0.01447419822216034,"y":-0.9820008277893066,"z":0.16837559640407563,"w":0.08445615321397782},"size":1.0587847232818604,"orthographic":false}