{"cameraMode":{"drawMode":0,"name":"Shaded","section":"Shading Mode"},"sceneLighting":false,"audioPlay":false,"sceneViewState":{"showFog":true,"showMaterialUpdate":false,"showSkybox":false,"showFlares":true,"showImageEffects":true,"showParticleSystems":true,"showVisualEffectGraphs":true,"m_FxEnabled":true},"in2DMode":false,"pivot":{"x":-3.250455617904663,"y":13.085800170898438,"z":-3.4102694988250734},"rotation":{"x":0.042978521436452869,"y":-0.9269221425056458,"z":0.11206205189228058,"w":0.3555717468261719},"size":1.1326061487197877,"orthographic":false}