{"cameraMode":{"drawMode":0,"name":"Shaded","section":"Shading Mode"},"sceneLighting":false,"audioPlay":false,"sceneViewState":{"showFog":true,"showMaterialUpdate":false,"showSkybox":false,"showFlares":true,"showImageEffects":true,"showParticleSystems":true,"showVisualEffectGraphs":true,"m_FxEnabled":true},"in2DMode":false,"pivot":{"x":-0.32405757904052737,"y":11.257192611694336,"z":-0.03819704055786133},"rotation":{"x":-0.16592887043952943,"y":0.6730290651321411,"z":-0.15829713642597199,"w":-0.7036398649215698},"size":5.133978366851807,"orthographic":false}