{"cameraMode":{"drawMode":0,"name":"Shaded","section":"Shading Mode"},"sceneLighting":false,"audioPlay":false,"sceneViewState":{"showFog":true,"showMaterialUpdate":false,"showSkybox":false,"showFlares":true,"showImageEffects":true,"showParticleSystems":true,"showVisualEffectGraphs":true,"m_FxEnabled":true},"in2DMode":false,"pivot":{"x":4.417004108428955,"y":2.2254889011383058,"z":1.4628362655639649},"rotation":{"x":0.012551586143672467,"y":-0.9872298836708069,"z":0.12235680967569351,"w":0.10134056955575943},"size":0.21574676036834718,"orthographic":false}