{"cameraMode":{"drawMode":0,"name":"Shaded","section":"Shading Mode"},"sceneLighting":true,"audioPlay":false,"sceneViewState":{"showFog":true,"showMaterialUpdate":false,"showSkybox":false,"showFlares":true,"showImageEffects":true,"showParticleSystems":true,"showVisualEffectGraphs":true,"m_FxEnabled":true},"in2DMode":false,"pivot":{"x":16.399999618530275,"y":7.777616500854492,"z":20.86199951171875},"rotation":{"x":0.12089002132415772,"y":0.011642485857009888,"z":0.0013840243918821216,"w":-0.9926260113716126},"size":0.7749893665313721,"orthographic":false}