{"cameraMode":{"drawMode":0,"name":"Shaded","section":"Shading Mode"},"sceneLighting":false,"audioPlay":false,"sceneViewState":{"showFog":true,"showMaterialUpdate":false,"showSkybox":false,"showFlares":true,"showImageEffects":true,"showParticleSystems":true,"showVisualEffectGraphs":true,"m_FxEnabled":true},"in2DMode":false,"pivot":{"x":4.366215229034424,"y":13.099987030029297,"z":-5.115283966064453},"rotation":{"x":0.20393678545951844,"y":0.06309141218662262,"z":-0.013167672790586949,"w":0.9768659472465515},"size":0.7745104432106018,"orthographic":false}