{"cameraMode":{"drawMode":0,"name":"Shaded","section":"Shading Mode"},"sceneLighting":false,"audioPlay":false,"sceneViewState":{"showFog":true,"showMaterialUpdate":false,"showSkybox":false,"showFlares":true,"showImageEffects":true,"showParticleSystems":true,"showVisualEffectGraphs":true,"m_FxEnabled":true},"in2DMode":false,"pivot":{"x":2.5956928730010988,"y":13.271718978881836,"z":0.007693350315093994},"rotation":{"x":0.24812957644462586,"y":-0.4957238435745239,"z":0.15026278793811799,"w":0.8186091184616089},"size":0.5417336821556091,"orthographic":false}