{"cameraMode":{"drawMode":0,"name":"Shaded","section":"Shading Mode"},"sceneLighting":false,"audioPlay":false,"sceneViewState":{"showFog":true,"showMaterialUpdate":false,"showSkybox":false,"showFlares":true,"showImageEffects":true,"showParticleSystems":true,"showVisualEffectGraphs":true,"m_FxEnabled":true},"in2DMode":false,"pivot":{"x":-0.6735116839408875,"y":-0.42118313908576968,"z":-0.13397344946861268},"rotation":{"x":0.12025392800569534,"y":-0.7166181206703186,"z":0.12708473205566407,"w":0.6756647229194641},"size":0.02446318045258522,"orthographic":false}