{"cameraMode":{"drawMode":0,"name":"Shaded","section":"Shading Mode"},"sceneLighting":false,"audioPlay":false,"sceneViewState":{"showFog":true,"showMaterialUpdate":false,"showSkybox":false,"showFlares":true,"showImageEffects":true,"showParticleSystems":true,"showVisualEffectGraphs":true,"m_FxEnabled":true},"in2DMode":false,"pivot":{"x":5.706274032592773,"y":1.553083896636963,"z":1.8242073059082032},"rotation":{"x":0.11553242802619934,"y":0.30751824378967287,"z":-0.037641555070877078,"w":0.9437574148178101},"size":1.5853042602539063,"orthographic":false}