{"cameraMode":{"drawMode":0,"name":"Shaded","section":"Shading Mode"},"sceneLighting":false,"audioPlay":false,"sceneViewState":{"showFog":true,"showMaterialUpdate":false,"showSkybox":false,"showFlares":true,"showImageEffects":true,"showParticleSystems":true,"showVisualEffectGraphs":true,"m_FxEnabled":true},"in2DMode":false,"pivot":{"x":-0.000003844499588012695,"y":-0.000001430511474609375,"z":0.000014990568161010742},"rotation":{"x":-0.12361840158700943,"y":-0.44836345314979555,"z":0.0646047368645668,"w":-0.8838844299316406},"size":1.0114517211914063,"orthographic":false}