{"cameraMode":{"drawMode":0,"name":"Shaded","section":"Shading Mode"},"sceneLighting":false,"audioPlay":false,"sceneViewState":{"showFog":true,"showMaterialUpdate":false,"showSkybox":false,"showFlares":true,"showImageEffects":true,"showParticleSystems":true,"showVisualEffectGraphs":true,"m_FxEnabled":true},"in2DMode":false,"pivot":{"x":-3.828265428543091,"y":-3.8387746810913088,"z":8.259051322937012},"rotation":{"x":0.33137837052345278,"y":-0.015570471994578839,"z":0.005472533870488405,"w":0.9433588981628418},"size":0.8668011426925659,"orthographic":false}