{"cameraMode":{"drawMode":0,"name":"Shaded","section":"Shading Mode"},"sceneLighting":false,"audioPlay":false,"sceneViewState":{"showFog":true,"showMaterialUpdate":false,"showSkybox":false,"showFlares":true,"showImageEffects":true,"showParticleSystems":true,"showVisualEffectGraphs":true,"m_FxEnabled":true},"in2DMode":false,"pivot":{"x":-2.9509999752044679,"y":1.7323076725006104,"z":-1.2070000171661378},"rotation":{"x":0.036869294941425326,"y":0.9626849293708801,"z":-0.1739957332611084,"w":0.20398233830928803},"size":0.8555422425270081,"orthographic":false}