{"cameraMode":{"drawMode":0,"name":"Shaded","section":"Shading Mode"},"sceneLighting":false,"audioPlay":false,"sceneViewState":{"showFog":true,"showMaterialUpdate":false,"showSkybox":false,"showFlares":true,"showImageEffects":true,"showParticleSystems":true,"showVisualEffectGraphs":true,"m_FxEnabled":true},"in2DMode":false,"pivot":{"x":8.693336486816407,"y":12.797978401184082,"z":-0.7989978790283203},"rotation":{"x":0.11553242802619934,"y":0.30751824378967287,"z":-0.037641555070877078,"w":0.9437574148178101},"size":1.5119277238845826,"orthographic":false}