{"cameraMode":{"drawMode":0,"name":"Shaded","section":"Shading Mode"},"sceneLighting":false,"audioPlay":false,"sceneViewState":{"showFog":true,"showMaterialUpdate":false,"showSkybox":false,"showFlares":true,"showImageEffects":true,"showParticleSystems":true,"showVisualEffectGraphs":true,"m_FxEnabled":true},"in2DMode":false,"pivot":{"x":-1.9299999475479127,"y":3.2710719108581545,"z":-0.0025368332862854006},"rotation":{"x":0.33137837052345278,"y":-0.015570471994578839,"z":0.005472533870488405,"w":0.9433588981628418},"size":1.1411020755767823,"orthographic":false}