{"cameraMode":{"drawMode":0,"name":"Shaded","section":"Shading Mode"},"sceneLighting":false,"audioPlay":false,"sceneViewState":{"showFog":true,"showMaterialUpdate":false,"showSkybox":false,"showFlares":true,"showImageEffects":true,"showParticleSystems":true,"showVisualEffectGraphs":true,"m_FxEnabled":true},"in2DMode":false,"pivot":{"x":-0.6341725587844849,"y":1.0039756298065186,"z":-0.5296050310134888},"rotation":{"x":-0.21022962033748628,"y":0.33976322412490847,"z":-0.07617638260126114,"w":-0.9144939184188843},"size":2.8514890670776369,"orthographic":false}