{"cameraMode":{"drawMode":0,"name":"Shaded","section":"Shading Mode"},"sceneLighting":false,"audioPlay":false,"sceneViewState":{"showFog":true,"showMaterialUpdate":false,"showSkybox":false,"showFlares":true,"showImageEffects":true,"showParticleSystems":true,"showVisualEffectGraphs":true,"m_FxEnabled":true},"in2DMode":false,"pivot":{"x":2.354008913040161,"y":2.2570934295654299,"z":18.439510345458986},"rotation":{"x":-0.008284145966172219,"y":-0.6591812968254089,"z":0.0046714372001588348,"w":-0.7528551816940308},"size":3.1188924312591554,"orthographic":false}