{"cameraMode":{"drawMode":0,"name":"Shaded","section":"Shading Mode"},"sceneLighting":false,"audioPlay":false,"sceneViewState":{"showFog":true,"showMaterialUpdate":false,"showSkybox":false,"showFlares":true,"showImageEffects":true,"showParticleSystems":true,"showVisualEffectGraphs":true,"m_FxEnabled":true},"in2DMode":false,"pivot":{"x":3.9618968963623049,"y":-7.41999626159668,"z":2.7180027961730959},"rotation":{"x":-0.037341631948947909,"y":-0.15936455130577088,"z":0.005884104408323765,"w":-0.9865700602531433},"size":0.4869643449783325,"orthographic":false}