{"cameraMode":{"drawMode":0,"name":"Shaded","section":"Shading Mode"},"sceneLighting":false,"audioPlay":false,"sceneViewState":{"showFog":true,"showMaterialUpdate":false,"showSkybox":false,"showFlares":true,"showImageEffects":true,"showParticleSystems":true,"showVisualEffectGraphs":true,"m_FxEnabled":true},"in2DMode":false,"pivot":{"x":-0.9399999976158142,"y":1.2710000276565552,"z":30.360000610351564},"rotation":{"x":0.16381698846817017,"y":-0.4657191336154938,"z":0.08985085785388947,"w":0.8658041954040527},"size":2.4183402061462404,"orthographic":false}