{"cameraMode":{"drawMode":0,"name":"Shaded","section":"Shading Mode"},"sceneLighting":false,"audioPlay":false,"sceneViewState":{"showFog":true,"showMaterialUpdate":false,"showSkybox":false,"showFlares":true,"showImageEffects":true,"showParticleSystems":true,"showVisualEffectGraphs":true,"m_FxEnabled":true},"in2DMode":false,"pivot":{"x":-0.7536124587059021,"y":12.903120040893555,"z":6.414271354675293},"rotation":{"x":-0.0011731082340702415,"y":-0.986841082572937,"z":0.16159546375274659,"w":-0.007111669052392244},"size":1.1326053142547608,"orthographic":false}