{"cameraMode":{"drawMode":0,"name":"Shaded","section":"Shading Mode"},"sceneLighting":false,"audioPlay":false,"sceneViewState":{"showFog":true,"showMaterialUpdate":false,"showSkybox":false,"showFlares":true,"showImageEffects":true,"showParticleSystems":true,"showVisualEffectGraphs":true,"m_FxEnabled":true},"in2DMode":false,"pivot":{"x":2.6011130809783937,"y":0.5818654894828796,"z":7.536325931549072},"rotation":{"x":-0.047715771943330768,"y":0.7072568535804749,"z":-0.04811251163482666,"w":-0.7038026452064514},"size":0.4134523570537567,"orthographic":false}