{"cameraMode":{"drawMode":0,"name":"Shaded","section":"Shading Mode"},"sceneLighting":false,"audioPlay":false,"sceneViewState":{"showFog":true,"showMaterialUpdate":false,"showSkybox":false,"showFlares":true,"showImageEffects":true,"showParticleSystems":true,"showVisualEffectGraphs":true,"m_FxEnabled":true},"in2DMode":false,"pivot":{"x":-0.5230586528778076,"y":-0.03632834553718567,"z":-1.1923582553863526},"rotation":{"x":0.011137441731989384,"y":-0.9826928973197937,"z":-0.1739398092031479,"w":-0.06287159025669098},"size":1.524463176727295,"orthographic":false}